id,document_id,subject,base_overall,base_text,base_reading_order,base_teds,base_formula_1_minus_edit,xycut_overall,xycut_text,xycut_reading_order,xycut_teds,xycut_formula_1_minus_edit
7f1cdfe4-7a6b-47c6-84c6-5674ee0916cd_p185,7f1cdfe4-7a6b-47c6-84c6-5674ee0916cd,POETRY,85.48836284066044,98.24945295404814,72.72727272727273,,,85.48836284066044,98.24945295404814,72.72727272727273,,
329d5c09-e3d2-497c-9008-55fc337447ed_p152,329d5c09-e3d2-497c-9008-55fc337447ed,PERFORMINGARTS,94.79715082068752,89.59430164137504,100.0,,,94.79715082068752,89.59430164137504,100.0,,
cc4c4bb8-64d6-4afb-b976-c2a204e50ffa_p86,cc4c4bb8-64d6-4afb-b976-c2a204e50ffa,STUDYAIDS,78.44487664517504,83.42036553524804,73.46938775510203,,,78.44487664517504,83.42036553524804,73.46938775510203,,
16345dc6-3a20-40ce-bc4c-7527a00d0696_p64,16345dc6-3a20-40ce-bc4c-7527a00d0696,COMPUTERS,100.0,100.0,100.0,,,100.0,100.0,100.0,,
4d5947df-6197-462e-a183-4e8fca579008_p119,4d5947df-6197-462e-a183-4e8fca579008,DESIGN,98.09843400447427,96.19686800894854,100.0,,,98.09843400447427,96.19686800894854,100.0,,
75d1e9a2-94b3-49d9-82d2-ea8884165a2f_p36,75d1e9a2-94b3-49d9-82d2-ea8884165a2f,SPORTS&RECREATION,99.60767218831734,99.21534437663469,100.0,,,99.60767218831734,99.21534437663469,100.0,,
11fb213b-fe17-4bde-9f32-85010907118d_p82,11fb213b-fe17-4bde-9f32-85010907118d,SELF-HELP,91.45674480450765,86.8421052631579,,96.0713843458574,0.0,91.45674480450765,86.8421052631579,,96.0713843458574,0.0
c3a8de9c-2347-4679-8d62-eb340f634dc6_p11,c3a8de9c-2347-4679-8d62-eb340f634dc6,JUVENILENONFICTION,62.40273887332711,53.37690631808278,71.42857142857143,,,77.70419426048565,55.4083885209713,100.0,,
e7c60908-97d6-4106-829d-84dcaad1a030_p2162,e7c60908-97d6-4106-829d-84dcaad1a030,LITERARYCRITICISM,100.0,100.0,100.0,,,100.0,100.0,100.0,,
1f54a901-d870-43fc-8d6e-87c1e88fdc4e_p144,1f54a901-d870-43fc-8d6e-87c1e88fdc4e,EDUCATION,30.57791537667699,21.15583075335398,40.0,,,30.57791537667699,21.15583075335398,40.0,,
6acfa608-ec6d-4d31-87ad-39fa965d3b11_p66,6acfa608-ec6d-4d31-87ad-39fa965d3b11,PSYCHOLOGY,0.0,0.0,0.0,,,0.0,0.0,0.0,,
c18d05a4-c866-44a2-a85a-a75a724a0ca8_p142,c18d05a4-c866-44a2-a85a-a75a724a0ca8,TRANSPORTATION,49.28570131314033,7.967479674796751,66.66666666666667,73.22295759795759,,49.28570131314033,7.967479674796751,66.66666666666667,73.22295759795759,
5cc23bd7-2945-4968-9ea3-b0267fafe7b0_p80,5cc23bd7-2945-4968-9ea3-b0267fafe7b0,BUSINESS&ECONOMICS,99.98040752351096,99.96081504702194,100.0,,,99.98040752351096,99.96081504702194,100.0,,
38a7285c-90bf-4e41-b1cc-4cb277f2bea4_p219,38a7285c-90bf-4e41-b1cc-4cb277f2bea4,ART,80.0,100.0,60.0,,,80.0,100.0,60.0,,
fc89edfc-0ff6-45ad-84f3-4b605854d4c7_p133,fc89edfc-0ff6-45ad-84f3-4b605854d4c7,YOUNGADULTNONFICTION,100.0,100.0,100.0,,,100.0,100.0,100.0,,
7e85a621-9d3d-4e41-9c4d-d2127cb267b3_p89,7e85a621-9d3d-4e41-9c4d-d2127cb267b3,TRUECRIME,98.96449704142012,97.92899408284023,100.0,,,98.96449704142012,97.92899408284023,100.0,,
a5cc5b38-7122-404b-93e7-1472fb3e8e74_p140,a5cc5b38-7122-404b-93e7-1472fb3e8e74,HOUSE&HOME,,,,,,,,,,
ea572e13-54f3-4552-b9f5-97cb490513b4_p91,ea572e13-54f3-4552-b9f5-97cb490513b4,COMPUTERS,85.47715223428428,97.42489270386267,73.52941176470588,,,85.47715223428428,97.42489270386267,73.52941176470588,,
15efdcba-79f5-4b47-bc06-32228b66ae49_p197,15efdcba-79f5-4b47-bc06-32228b66ae49,FICTION,96.74280879864637,93.48561759729273,100.0,,,96.74280879864637,93.48561759729273,100.0,,
17b97659-ec5e-4b19-9d4d-a246651c74d6_p684,17b97659-ec5e-4b19-9d4d-a246651c74d6,SOCIALSCIENCE,51.21212121212121,42.42424242424242,60.0,,,71.21212121212122,42.42424242424242,100.0,,
761bb2e8-33b2-4180-a4ad-7e858ce797cb_p4,761bb2e8-33b2-4180-a4ad-7e858ce797cb,COOKING,,,,,,,,,,
23bdb6d7-c5ef-4c2a-971b-fbf1f6d0f9ca_p123,23bdb6d7-c5ef-4c2a-971b-fbf1f6d0f9ca,EDUCATION,87.77821851998766,97.77865926219754,77.77777777777779,,,87.77821851998766,97.77865926219754,77.77777777777779,,
61150fdd-6325-4f0c-a856-bc8c96754456_p56,61150fdd-6325-4f0c-a856-bc8c96754456,FAMILY&RELATIONSHIPS,99.95876288659794,99.91752577319588,100.0,,,99.95876288659794,99.91752577319588,100.0,,
4cc5fd14-806a-4e36-afc2-0b4c5d7db261_p2,4cc5fd14-806a-4e36-afc2-0b4c5d7db261,SPORTS&RECREATION,5.7089372622043495,4.022376132125737,7.395498392282962,,,5.7089372622043495,4.022376132125737,7.395498392282962,,
00da2f04-2fd9-4ed2-a6e3-0839d06da691_p30,00da2f04-2fd9-4ed2-a6e3-0839d06da691,BUSINESS&ECONOMICS,99.89820846905538,99.79641693811075,100.0,,,99.89820846905538,99.79641693811075,100.0,,
591d786d-d49c-44eb-bf58-d8973d7deff3_p16,591d786d-d49c-44eb-bf58-d8973d7deff3,JUVENILENONFICTION,67.38922545506487,100.0,100.0,2.1676763651946374,,67.38922545506487,100.0,100.0,2.1676763651946374,
c5e087e7-12f8-43b3-a5e4-b6d465bd9130_p111,c5e087e7-12f8-43b3-a5e4-b6d465bd9130,GAMES&ACTIVITIES,76.90659811482433,87.14652956298201,66.66666666666667,,,76.90659811482433,87.14652956298201,66.66666666666667,,
b12b3030-857b-4807-9336-b4d320347a61_p91,b12b3030-857b-4807-9336-b4d320347a61,"BODY,MIND&SPIRIT",98.5576923076923,97.11538461538461,100.0,,,98.5576923076923,97.11538461538461,100.0,,
eb964d7e-d441-4a5a-91da-75ebc0616f5a_p111,eb964d7e-d441-4a5a-91da-75ebc0616f5a,CRAFTS&HOBBIES,89.92307692307692,79.84615384615384,100.0,,,89.92307692307692,79.84615384615384,100.0,,
b1506fb9-9ff4-44c3-86e9-3c7aec33d58c_p18,b1506fb9-9ff4-44c3-86e9-3c7aec33d58c,LAW,63.84934756820878,77.69869513641756,50.0,,,63.84934756820878,77.69869513641756,50.0,,
7294c8d5-3807-4e0f-9267-f198f5195540_p84,7294c8d5-3807-4e0f-9267-f198f5195540,POLITICALSCIENCE,73.23232323232324,96.46464646464646,50.0,,,73.23232323232324,96.46464646464646,50.0,,
8e3d9f96-1704-464c-9170-06d75cb667fd_p132,8e3d9f96-1704-464c-9170-06d75cb667fd,EDUCATION,99.71061093247589,99.42122186495178,100.0,,,99.71061093247589,99.42122186495178,100.0,,
3c0aee4c-96d4-4b5f-b707-a8a2f3e62421_p26,3c0aee4c-96d4-4b5f-b707-a8a2f3e62421,HUMOR,80.95238095238095,61.904761904761905,100.0,,,80.95238095238095,61.904761904761905,100.0,,
52814035-bd9f-4b43-9eaa-31aa0c6449f3_p18,52814035-bd9f-4b43-9eaa-31aa0c6449f3,YOUNGADULTFICTION,90.76890578791719,92.6489226869455,88.88888888888889,,,90.76890578791719,92.6489226869455,88.88888888888889,,
67587089-8e39-4a10-812a-e98077ce8fad_p93,67587089-8e39-4a10-812a-e98077ce8fad,STUDYAIDS,66.66666666666667,100.0,33.333333333333336,,,66.66666666666667,100.0,33.333333333333336,,
2ddd9037-cbe0-413a-b77a-035c22c92704_p3,2ddd9037-cbe0-413a-b77a-035c22c92704,GAMES&ACTIVITIES,63.13953488372093,76.27906976744185,50.0,,,63.13953488372093,76.27906976744185,50.0,,
205bf9ce-2a22-48ed-a015-a14b2597a70c_p33,205bf9ce-2a22-48ed-a015-a14b2597a70c,GARDENING,30.474878546341664,41.34191395542843,19.6078431372549,,,43.21997658555735,41.34191395542843,45.09803921568627,,
adf0ea9c-f744-4f64-9f74-66a9d276f371_p39,adf0ea9c-f744-4f64-9f74-66a9d276f371,ARCHITECTURE,83.61624355315207,89.45470932852636,77.77777777777779,,,83.61624355315207,89.45470932852636,77.77777777777779,,
47c01c0e-add9-468d-9989-cd4ebe68d46e_p117,47c01c0e-add9-468d-9989-cd4ebe68d46e,HISTORY,81.69983862291554,99.76331360946745,63.63636363636363,,,81.69983862291554,99.76331360946745,63.63636363636363,,
0fbef2f7-00b4-45dc-940b-5b901bbaedc5_p66,0fbef2f7-00b4-45dc-940b-5b901bbaedc5,COMICS&GRAPHICNOVELS,55.481710458526535,64.2967542503864,46.666666666666664,,,55.481710458526535,64.2967542503864,46.666666666666664,,
808ced25-e3df-46f9-abf6-ec4d741ed3cc_p895,808ced25-e3df-46f9-abf6-ec4d741ed3cc,SOCIALSCIENCE,83.99813171415227,87.99626342830453,80.0,,,83.99813171415227,87.99626342830453,80.0,,
7f7da473-ffd0-4ab5-af59-19d31f208558_p143,7f7da473-ffd0-4ab5-af59-19d31f208558,GARDENING,99.97005988023952,99.94011976047904,100.0,,,99.97005988023952,99.94011976047904,100.0,,
f8438f43-c0d7-4dae-8497-16f1d222e9b2_p220,f8438f43-c0d7-4dae-8497-16f1d222e9b2,SPORTS&RECREATION,31.63568205719714,41.84279268582285,21.42857142857143,,,31.63568205719714,41.84279268582285,21.42857142857143,,
72acc541-4c13-4571-8649-88c759be551d_p229,72acc541-4c13-4571-8649-88c759be551d,MEDICAL,99.79457682826623,99.58915365653246,100.0,,,99.79457682826623,99.58915365653246,100.0,,
a32cf9aa-5b2b-4c06-bd44-1dcb4af4c488_p165,a32cf9aa-5b2b-4c06-bd44-1dcb4af4c488,TECHNOLOGY&ENGINEERING,57.561307901907355,65.12261580381471,50.0,,4.259634888438136,57.561307901907355,65.12261580381471,50.0,,4.259634888438136
a3a38c7e-0fab-4ef9-960c-cd51b31f684d_p65,a3a38c7e-0fab-4ef9-960c-cd51b31f684d,PETS,,,,,,,,,,
4df2a4de-5131-4d7d-b5af-c9cf61bd2d4a_p55,4df2a4de-5131-4d7d-b5af-c9cf61bd2d4a,SOCIALSCIENCE,96.40952719516531,92.8190543903306,100.0,,,96.40952719516531,92.8190543903306,100.0,,
1fb42377-0c88-475a-b466-fbc4ddf909c5_p361,1fb42377-0c88-475a-b466-fbc4ddf909c5,HOUSE&HOME,99.04030710172745,98.0806142034549,100.0,,,99.04030710172745,98.0806142034549,100.0,,
4d264540-a679-44a8-85b6-e78957046223_p9,4d264540-a679-44a8-85b6-e78957046223,POLITICALSCIENCE,100.0,100.0,100.0,,,100.0,100.0,100.0,,
d824013e-80a3-4149-877e-a60274be2fc7_p33,d824013e-80a3-4149-877e-a60274be2fc7,YOUNGADULTFICTION,87.65432098765433,75.30864197530865,100.0,,,87.65432098765433,75.30864197530865,100.0,,
2369105a-d419-47d9-97ea-6d273246cfae_p41,2369105a-d419-47d9-97ea-6d273246cfae,LANGUAGEARTS&DISCIPLINES,77.20125786163523,87.73584905660378,66.66666666666667,,,77.20125786163523,87.73584905660378,66.66666666666667,,
a38f2d0b-1636-487d-b457-e2ab3812cbb1_p91,a38f2d0b-1636-487d-b457-e2ab3812cbb1,BIOGRAPHY&AUTOBIOGRAPHY,80.0,100.0,60.0,,,80.0,100.0,60.0,,
08b746e9-cf3d-4882-8acb-d4fd3a73c5f5_p178,08b746e9-cf3d-4882-8acb-d4fd3a73c5f5,DESIGN,76.35776836738889,83.48476750400854,69.23076923076923,,,76.35776836738889,83.48476750400854,69.23076923076923,,
bf710e01-f324-4b46-b06b-948ec1ba1e3f_p38,bf710e01-f324-4b46-b06b-948ec1ba1e3f,DESIGN,97.72727272727272,95.45454545454545,100.0,,,97.72727272727272,95.45454545454545,100.0,,
3186be77-05e2-44bf-b164-bce16e5fa193_p303,3186be77-05e2-44bf-b164-bce16e5fa193,PHILOSOPHY,92.28023203926818,84.56046407853637,100.0,,0.0,92.28023203926818,84.56046407853637,100.0,,0.0
547e2947-5211-4ccf-83ae-f9dbf47a491f_p11,547e2947-5211-4ccf-83ae-f9dbf47a491f,JUVENILENONFICTION,87.5,75.0,100.0,,,87.5,75.0,100.0,,
a19fe35b-a395-4fa8-8883-b4a6d41f8558_p72,a19fe35b-a395-4fa8-8883-b4a6d41f8558,PHILOSOPHY,8.94839067702553,6.132075471698117,11.764705882352944,,,8.94839067702553,6.132075471698117,11.764705882352944,,
9fe258d4-0d47-4090-96ee-0c89b7a7de78_p20,9fe258d4-0d47-4090-96ee-0c89b7a7de78,TRANSPORTATION,47.45088075880759,76.15176151761518,18.75,,,47.45088075880759,76.15176151761518,18.75,,
e3414b9d-761f-424c-9f28-4590027abbb7_p103,e3414b9d-761f-424c-9f28-4590027abbb7,YOUNGADULTFICTION,90.10416666666667,80.20833333333334,100.0,,,90.10416666666667,80.20833333333334,100.0,,
320cc63a-21cc-40fa-b1c5-453435c948f1_p90,320cc63a-21cc-40fa-b1c5-453435c948f1,EDUCATION,99.98074701578744,99.96149403157489,100.0,,,99.98074701578744,99.96149403157489,100.0,,
56c5cd0b-46fa-4e47-ae7f-55db028bab5b_p158,56c5cd0b-46fa-4e47-ae7f-55db028bab5b,POETRY,100.0,100.0,100.0,,,100.0,100.0,100.0,,
18b6da40-f4c6-49c5-9725-dec8cbde2c4a_p367,18b6da40-f4c6-49c5-9725-dec8cbde2c4a,HOUSE&HOME,27.824388001379152,12.791633145615444,42.85714285714286,,,27.824388001379152,12.791633145615444,42.85714285714286,,
f2c2393d-0ac6-4e5b-9531-695a7614f28e_p24,f2c2393d-0ac6-4e5b-9531-695a7614f28e,GAMES&ACTIVITIES,56.464730004479826,59.98828353837141,52.94117647058824,,,56.464730004479826,59.98828353837141,52.94117647058824,,
a8727f40-f59f-4e0d-be5b-4104252375b2_p257,a8727f40-f59f-4e0d-be5b-4104252375b2,EDUCATION,95.44253632760899,90.88507265521797,100.0,,,95.44253632760899,90.88507265521797,100.0,,
90bcb46a-bcb9-421c-9b4f-7889fdf7d186_p92,90bcb46a-bcb9-421c-9b4f-7889fdf7d186,CRAFTS&HOBBIES,59.7010942087003,86.06885508406725,33.333333333333336,,,93.03442754203363,86.06885508406725,100.0,,
8bf018f6-d95b-43a3-b5ac-11a3a8230858_p157,8bf018f6-d95b-43a3-b5ac-11a3a8230858,HOUSE&HOME,93.612282331642,96.74837418709355,90.47619047619048,,,93.612282331642,96.74837418709355,90.47619047619048,,
7f1cdfe4-7a6b-47c6-84c6-5674ee0916cd_p183,7f1cdfe4-7a6b-47c6-84c6-5674ee0916cd,POETRY,64.90947816826412,96.48562300319489,33.333333333333336,,,64.90947816826412,96.48562300319489,33.333333333333336,,
329d5c09-e3d2-497c-9008-55fc337447ed_p159,329d5c09-e3d2-497c-9008-55fc337447ed,PERFORMINGARTS,93.1881243063263,86.3762486126526,100.0,,,93.1881243063263,86.3762486126526,100.0,,
cc4c4bb8-64d6-4afb-b976-c2a204e50ffa_p94,cc4c4bb8-64d6-4afb-b976-c2a204e50ffa,STUDYAIDS,68.1541365433242,85.14548238897397,51.162790697674424,,,70.47971793867303,85.14548238897397,55.81395348837209,,
16345dc6-3a20-40ce-bc4c-7527a00d0696_p59,16345dc6-3a20-40ce-bc4c-7527a00d0696,COMPUTERS,75.0468244508769,78.66507747318236,71.42857142857143,,,75.0468244508769,78.66507747318236,71.42857142857143,,
4d5947df-6197-462e-a183-4e8fca579008_p115,4d5947df-6197-462e-a183-4e8fca579008,DESIGN,73.67285998672861,97.34571997345721,50.0,,,73.67285998672861,97.34571997345721,50.0,,
75d1e9a2-94b3-49d9-82d2-ea8884165a2f_p40,75d1e9a2-94b3-49d9-82d2-ea8884165a2f,SPORTS&RECREATION,100.0,100.0,100.0,,,100.0,100.0,100.0,,
11fb213b-fe17-4bde-9f32-85010907118d_p81,11fb213b-fe17-4bde-9f32-85010907118d,SELF-HELP,53.950691577008456,91.93548387096774,,15.965899283049168,0.0,53.950691577008456,91.93548387096774,,15.965899283049168,0.0
c3a8de9c-2347-4679-8d62-eb340f634dc6_p7,c3a8de9c-2347-4679-8d62-eb340f634dc6,JUVENILENONFICTION,61.34751773049645,89.36170212765957,33.333333333333336,,,61.34751773049645,89.36170212765957,33.333333333333336,,
e7c60908-97d6-4106-829d-84dcaad1a030_p2154,e7c60908-97d6-4106-829d-84dcaad1a030,LITERARYCRITICISM,100.0,100.0,100.0,,,100.0,100.0,100.0,,
1f54a901-d870-43fc-8d6e-87c1e88fdc4e_p137,1f54a901-d870-43fc-8d6e-87c1e88fdc4e,EDUCATION,40.84176261114631,35.52967906844646,46.15384615384615,,,40.84176261114631,35.52967906844646,46.15384615384615,,
6acfa608-ec6d-4d31-87ad-39fa965d3b11_p77,6acfa608-ec6d-4d31-87ad-39fa965d3b11,PSYCHOLOGY,0.0,0.0,0.0,,,0.0,0.0,0.0,,
c18d05a4-c866-44a2-a85a-a75a724a0ca8_p132,c18d05a4-c866-44a2-a85a-a75a724a0ca8,TRANSPORTATION,44.76890079224709,10.505836575875483,64.28571428571428,59.51515151515151,,44.76890079224709,10.505836575875483,64.28571428571428,59.51515151515151,
5cc23bd7-2945-4968-9ea3-b0267fafe7b0_p86,5cc23bd7-2945-4968-9ea3-b0267fafe7b0,BUSINESS&ECONOMICS,99.77835241965275,99.5567048393055,100.0,,,99.77835241965275,99.5567048393055,100.0,,
38a7285c-90bf-4e41-b1cc-4cb277f2bea4_p222,38a7285c-90bf-4e41-b1cc-4cb277f2bea4,ART,99.85543910372245,99.71087820744489,100.0,,,99.85543910372245,99.71087820744489,100.0,,
fc89edfc-0ff6-45ad-84f3-4b605854d4c7_p134,fc89edfc-0ff6-45ad-84f3-4b605854d4c7,YOUNGADULTNONFICTION,71.72131147540983,93.44262295081968,50.0,,,71.72131147540983,93.44262295081968,50.0,,
7e85a621-9d3d-4e41-9c4d-d2127cb267b3_p78,7e85a621-9d3d-4e41-9c4d-d2127cb267b3,TRUECRIME,99.6540590405904,99.30811808118081,100.0,,,99.6540590405904,99.30811808118081,100.0,,
a5cc5b38-7122-404b-93e7-1472fb3e8e74_p143,a5cc5b38-7122-404b-93e7-1472fb3e8e74,HOUSE&HOME,86.41774891774892,97.83549783549783,75.0,,,86.41774891774892,97.83549783549783,75.0,,
ea572e13-54f3-4552-b9f5-97cb490513b4_p88,ea572e13-54f3-4552-b9f5-97cb490513b4,COMPUTERS,61.427209154481886,69.00826446280992,53.84615384615385,,,61.427209154481886,69.00826446280992,53.84615384615385,,
15efdcba-79f5-4b47-bc06-32228b66ae49_p194,15efdcba-79f5-4b47-bc06-32228b66ae49,FICTION,97.18446601941747,94.36893203883496,100.0,,,97.18446601941747,94.36893203883496,100.0,,
17b97659-ec5e-4b19-9d4d-a246651c74d6_p686,17b97659-ec5e-4b19-9d4d-a246651c74d6,SOCIALSCIENCE,54.95451788963008,49.90903577926016,60.0,,,74.95451788963008,49.90903577926016,100.0,,
761bb2e8-33b2-4180-a4ad-7e858ce797cb_p10,761bb2e8-33b2-4180-a4ad-7e858ce797cb,COOKING,41.49616368286445,32.992327365728904,50.0,,,41.49616368286445,32.992327365728904,50.0,,
23bdb6d7-c5ef-4c2a-971b-fbf1f6d0f9ca_p124,23bdb6d7-c5ef-4c2a-971b-fbf1f6d0f9ca,EDUCATION,85.39969664625582,99.37082186394022,71.42857142857143,,,85.39969664625582,99.37082186394022,71.42857142857143,,
61150fdd-6325-4f0c-a856-bc8c96754456_p63,61150fdd-6325-4f0c-a856-bc8c96754456,FAMILY&RELATIONSHIPS,85.71428571428572,100.0,71.42857142857143,,,85.71428571428572,100.0,71.42857142857143,,
4cc5fd14-806a-4e36-afc2-0b4c5d7db261_p5,4cc5fd14-806a-4e36-afc2-0b4c5d7db261,SPORTS&RECREATION,100.0,100.0,100.0,,,100.0,100.0,100.0,,
00da2f04-2fd9-4ed2-a6e3-0839d06da691_p29,00da2f04-2fd9-4ed2-a6e3-0839d06da691,BUSINESS&ECONOMICS,96.80892717306187,93.61785434612374,100.0,,,96.80892717306187,93.61785434612374,100.0,,
591d786d-d49c-44eb-bf58-d8973d7deff3_p22,591d786d-d49c-44eb-bf58-d8973d7deff3,JUVENILENONFICTION,100.0,100.0,,,,100.0,100.0,,,
c5e087e7-12f8-43b3-a5e4-b6d465bd9130_p116,c5e087e7-12f8-43b3-a5e4-b6d465bd9130,GAMES&ACTIVITIES,47.325620389000676,61.31790744466801,33.333333333333336,,,47.325620389000676,61.31790744466801,33.333333333333336,,
b12b3030-857b-4807-9336-b4d320347a61_p97,b12b3030-857b-4807-9336-b4d320347a61,"BODY,MIND&SPIRIT",99.96323529411765,99.92647058823529,100.0,,,99.96323529411765,99.92647058823529,100.0,,
eb964d7e-d441-4a5a-91da-75ebc0616f5a_p113,eb964d7e-d441-4a5a-91da-75ebc0616f5a,CRAFTS&HOBBIES,52.84974093264248,5.699481865284972,100.0,,,52.84974093264248,5.699481865284972,100.0,,
b1506fb9-9ff4-44c3-86e9-3c7aec33d58c_p16,b1506fb9-9ff4-44c3-86e9-3c7aec33d58c,LAW,77.45489243580846,73.09160305343512,81.81818181818181,,,77.45489243580846,73.09160305343512,81.81818181818181,,
7294c8d5-3807-4e0f-9267-f198f5195540_p77,7294c8d5-3807-4e0f-9267-f198f5195540,POLITICALSCIENCE,76.61715128529288,96.09144542772862,57.14285714285714,,,76.61715128529288,96.09144542772862,57.14285714285714,,
8e3d9f96-1704-464c-9170-06d75cb667fd_p139,8e3d9f96-1704-464c-9170-06d75cb667fd,EDUCATION,66.4952380952381,99.65714285714286,33.333333333333336,,,66.4952380952381,99.65714285714286,33.333333333333336,,
3c0aee4c-96d4-4b5f-b707-a8a2f3e62421_p19,3c0aee4c-96d4-4b5f-b707-a8a2f3e62421,HUMOR,54.93197278911565,76.53061224489795,33.333333333333336,,,54.93197278911565,76.53061224489795,33.333333333333336,,
52814035-bd9f-4b43-9eaa-31aa0c6449f3_p17,52814035-bd9f-4b43-9eaa-31aa0c6449f3,YOUNGADULTFICTION,99.93935718617344,99.87871437234688,100.0,,,99.93935718617344,99.87871437234688,100.0,,
67587089-8e39-4a10-812a-e98077ce8fad_p92,67587089-8e39-4a10-812a-e98077ce8fad,STUDYAIDS,83.33333333333334,100.0,66.66666666666667,,,83.33333333333334,100.0,66.66666666666667,,
2ddd9037-cbe0-413a-b77a-035c22c92704_p13,2ddd9037-cbe0-413a-b77a-035c22c92704,GAMES&ACTIVITIES,55.263157894736835,77.19298245614034,33.333333333333336,,,55.263157894736835,77.19298245614034,33.333333333333336,,
205bf9ce-2a22-48ed-a015-a14b2597a70c_p31,205bf9ce-2a22-48ed-a015-a14b2597a70c,GARDENING,63.36950704904946,78.35191732390537,48.38709677419355,,,69.82111995227527,78.35191732390537,61.29032258064516,,
adf0ea9c-f744-4f64-9f74-66a9d276f371_p41,adf0ea9c-f744-4f64-9f74-66a9d276f371,ARCHITECTURE,97.23154362416108,94.46308724832215,100.0,,,97.23154362416108,94.46308724832215,100.0,,
47c01c0e-add9-468d-9989-cd4ebe68d46e_p112,47c01c0e-add9-468d-9989-cd4ebe68d46e,HISTORY,99.86341668417734,99.72683336835469,100.0,,,99.86341668417734,99.72683336835469,100.0,,
0fbef2f7-00b4-45dc-940b-5b901bbaedc5_p75,0fbef2f7-00b4-45dc-940b-5b901bbaedc5,COMICS&GRAPHICNOVELS,81.99052132701422,63.98104265402844,100.0,,,81.99052132701422,63.98104265402844,100.0,,
808ced25-e3df-46f9-abf6-ec4d741ed3cc_p885,808ced25-e3df-46f9-abf6-ec4d741ed3cc,SOCIALSCIENCE,57.94634008211808,80.17839444995045,35.71428571428571,,,72.23205436783236,80.17839444995045,64.28571428571428,,
7f7da473-ffd0-4ab5-af59-19d31f208558_p137,7f7da473-ffd0-4ab5-af59-19d31f208558,GARDENING,94.04211607601438,88.08423215202876,100.0,,,94.04211607601438,88.08423215202876,100.0,,
f8438f43-c0d7-4dae-8497-16f1d222e9b2_p223,f8438f43-c0d7-4dae-8497-16f1d222e9b2,SPORTS&RECREATION,11.921701510453136,12.30494148244473,11.538461538461542,,,11.921701510453136,12.30494148244473,11.538461538461542,,
72acc541-4c13-4571-8649-88c759be551d_p218,72acc541-4c13-4571-8649-88c759be551d,MEDICAL,75.06366182836771,78.698752228164,71.42857142857143,,,75.06366182836771,78.698752228164,71.42857142857143,,
a32cf9aa-5b2b-4c06-bd44-1dcb4af4c488_p158,a32cf9aa-5b2b-4c06-bd44-1dcb4af4c488,TECHNOLOGY&ENGINEERING,99.94697773064686,99.89395546129374,100.0,,,99.94697773064686,99.89395546129374,100.0,,
a3a38c7e-0fab-4ef9-960c-cd51b31f684d_p62,a3a38c7e-0fab-4ef9-960c-cd51b31f684d,PETS,,,,,,,,,,
4df2a4de-5131-4d7d-b5af-c9cf61bd2d4a_p56,4df2a4de-5131-4d7d-b5af-c9cf61bd2d4a,SOCIALSCIENCE,78.89258028792912,97.78516057585826,60.0,,,88.89258028792912,97.78516057585826,80.0,,
1fb42377-0c88-475a-b466-fbc4ddf909c5_p347,1fb42377-0c88-475a-b466-fbc4ddf909c5,HOUSE&HOME,99.70909090909092,99.41818181818182,100.0,,,99.70909090909092,99.41818181818182,100.0,,
4d264540-a679-44a8-85b6-e78957046223_p5,4d264540-a679-44a8-85b6-e78957046223,POLITICALSCIENCE,,,,,,,,,,
d824013e-80a3-4149-877e-a60274be2fc7_p39,d824013e-80a3-4149-877e-a60274be2fc7,YOUNGADULTFICTION,86.36363636363636,86.36363636363636,,,,86.36363636363636,86.36363636363636,,,
2369105a-d419-47d9-97ea-6d273246cfae_p28,2369105a-d419-47d9-97ea-6d273246cfae,LANGUAGEARTS&DISCIPLINES,78.57471264367817,90.48275862068965,66.66666666666667,,,78.57471264367817,90.48275862068965,66.66666666666667,,
a38f2d0b-1636-487d-b457-e2ab3812cbb1_p92,a38f2d0b-1636-487d-b457-e2ab3812cbb1,BIOGRAPHY&AUTOBIOGRAPHY,80.0,100.0,60.0,,,80.0,100.0,60.0,,
08b746e9-cf3d-4882-8acb-d4fd3a73c5f5_p189,08b746e9-cf3d-4882-8acb-d4fd3a73c5f5,DESIGN,90.92336683417085,81.84673366834171,100.0,,,90.92336683417085,81.84673366834171,100.0,,
bf710e01-f324-4b46-b06b-948ec1ba1e3f_p34,bf710e01-f324-4b46-b06b-948ec1ba1e3f,DESIGN,99.70099667774087,99.40199335548174,100.0,,,99.70099667774087,99.40199335548174,100.0,,
