id,document_id,subject,stratum_diagnostic_only,base_overall,base_text,base_reading_order,base_teds,base_formula_1_minus_edit,xycut_overall,xycut_text,xycut_reading_order,xycut_teds,xycut_formula_1_minus_edit
omni-d302c1d260cac34961e0_p1,PPT_8076_MEYER_Chapter_2_-_Language_Change,PPT2PDF,table,66.1912369886226,100.0,0.0,98.57371096586783,,66.1912369886226,100.0,0.0,98.57371096586783,
omni-9d9b9befb809f27218e2_p1,jiaocai_jiaocai_en,exam_paper,table,95.61679790026248,96.85039370078741,90.0,100.0,,95.61679790026248,96.85039370078741,90.0,100.0,
omni-1aa36613c7a34c234edd_p1,jiaocaineedrop_chem-354334.pdf,colorful_textbook,table,91.45377915750441,89.63911525029104,87.5,97.22222222222221,,91.45377915750441,89.63911525029104,87.5,97.22222222222221,
omni-addac8bf340c26cff01b_p1,jiaocaineedrop_chap02.pdf,magazine,table,92.7944111776447,98.38323353293413,80.0,100.0,,92.7944111776447,98.38323353293413,80.0,100.0,
omni-b2dbf2b054e6a637bd9e_p1,page-458ab820-615f-42fe-af33-3a8fb15ad691,research_report,table,49.599541792924974,,0.0,99.19908358584995,,49.599541792924974,,0.0,99.19908358584995,
omni-027ac8cdd458e3f9ccf1_p1,newspaper_fe5ed29024932fad071afc53807b16ba,newspaper,table,85.7821560438614,99.72202918693537,91.66666666666666,65.95777227798219,,85.7821560438614,99.72202918693537,91.66666666666666,65.95777227798219,
omni-1acdccc7217cb7844d2e_p1,yanbaor2_ey-global-fintech-adoption-index.pdf,book,table,46.65511907447391,,0.0,93.31023814894782,,46.65511907447391,,0.0,93.31023814894782,
omni-012dbf5846c7d24a5495_p1,docstructbench_llm-raw-scihub-o.O-s00374-003-0589-2.pdf,academic_literature,table,83.68496724132275,95.7325746799431,66.66666666666667,88.65566037735849,,83.68496724132275,95.7325746799431,66.66666666666667,88.65566037735849,
omni-fd0be0213b4c09289a52_p1,PPT_Catalysis.ppt,PPT2PDF,table,60.033156291468316,100.0,50.0,30.099468874404945,,60.033156291468316,100.0,50.0,30.099468874404945,
omni-f4c2a356464f96524b85_p1,jiaocaineedrop_Chapter9.pdf,exam_paper,table,86.70666245326248,89.28210313447927,76.92307692307692,93.91480730223124,,86.70666245326248,89.28210313447927,76.92307692307692,93.91480730223124,
omni-fe8b7840d640327e3204_p1,color_textbook_zhonggaokao_小学_13.人教新起点英语（4-5年级）_人教新起点五年级英语上册_课本_人教新起点英语5A电子课本,colorful_textbook,table,83.37789661319073,70.58823529411764,81.81818181818181,97.72727272727273,,83.37789661319073,70.58823529411764,81.81818181818181,97.72727272727273,
omni-40f077b53f32674c5f6f_p1,docstructbench_llm-raw-the-eye-o.O-TFT-Traveller.pdf,magazine,table,62.594699012960575,,33.333333333333336,91.85606469258781,,62.594699012960575,,33.333333333333336,91.85606469258781,
omni-c0778a9e2b0ddf866365_p1,newspaper_The Globe and Mail - 2025-1-8@magazinesclubnew,newspaper,table,68.39702931754069,78.18611648398883,64.86486486486487,62.140106603768366,,68.39702931754069,78.18611648398883,64.86486486486487,62.140106603768366,
omni-87623bf7ac1175dc76b0_p1,docstructbench_llm-raw-the-eye-o.O-chap08.pdf,book,table,90.1225569355967,99.35965848452508,91.66666666666666,79.34134565559839,,90.1225569355967,99.35965848452508,91.66666666666666,79.34134565559839,
omni-4f9fc0ba50220d4f69bb_p1,page-cb30bac7-d4bd-47d0-ac84-e0b46d051fe9,academic_literature,table,41.2918670936763,,0.0,82.5837341873526,,41.2918670936763,,0.0,82.5837341873526,
omni-5e1a438b82d029195181_p1,PPT_LEP power point presentation-English-FINAL-10-31-07,PPT2PDF,table,38.98522101473544,,0.0,77.97044202947087,,38.98522101473544,,0.0,77.97044202947087,
omni-c5d40b100dda800bdaab_p1,jiaocaineedrop_2005_QP.pdf,exam_paper,table,92.90085731262202,94.9579831932773,85.71428571428572,98.03030303030303,,92.90085731262202,94.9579831932773,85.71428571428572,98.03030303030303,
omni-2b434eedf0be36ccaa1e_p1,jiaocaineedrop_biz-96816.pdf,colorful_textbook,table,90.3366528277726,91.45994306628711,80.0,99.55001541703068,,90.3366528277726,91.45994306628711,80.0,99.55001541703068,
omni-d4746162a6bd44557db4_p1,magazine_TheEconomist.2024.02.24,magazine,table,86.39393337224061,100.0,85.71428571428572,73.4675144024361,,86.39393337224061,100.0,85.71428571428572,73.4675144024361,
omni-cceffd556dec1dec2090_p1,newspaper_2a6b4fa088699701a6fa9ccecfb5c25d,newspaper,table,92.96858518805942,96.94251936404403,86.95652173913044,95.0067144610038,,92.96858518805942,96.94251936404403,86.95652173913044,95.0067144610038,
omni-30c539738c06fcb273cb_p1,yanbaopptmerge_3aa9b6677e17fd012b0a7a230b9f18db.pdf,book,table,82.9056142165902,88.13972380178716,65.21739130434783,95.35972754363559,24.603174603174605,84.35488957890902,88.13972380178716,69.56521739130434,95.35972754363559,24.603174603174605
omni-98c8cb6114af678262f5_p1,docstructbench_llm-raw-scihub-o.O-ceat.200407001.pdf,academic_literature,table,80.23266440338305,99.41800753166724,75.0,66.27998567848192,16.75,80.23266440338305,99.41800753166724,75.0,66.27998567848192,16.75
omni-0b8ee7d4d5e1a1855019_p1,PPT_PresentationSpecification,PPT2PDF,table,57.142857142857146,100.0,71.42857142857143,0.0,,57.142857142857146,100.0,71.42857142857143,0.0,
omni-836321bb3f04d63f29da_p1,docstructbench_llm-raw-the-eye-o.O-Character%20Sheet%20-%20Form%20Fillable.pdf,exam_paper,table,71.68142473425382,,83.33333333333334,60.02951613517431,,71.68142473425382,,83.33333333333334,60.02951613517431,
omni-5f439f25e08573b9cea7_p1,docstructbench_enbook-zlib-o.O-17761417.pdf,colorful_textbook,table,83.76740419819947,96.83604985618408,83.33333333333334,71.13282940508098,,83.76740419819947,96.83604985618408,83.33333333333334,71.13282940508098,
omni-6815c71ff961fe3bc405_p1,newspaper_TheBostonGlobe-2025-1-8@magazinesclubnew,newspaper,table,35.43988075694822,76.84853591742153,22.44094488188977,7.030161471533357,,35.43988075694822,76.84853591742153,22.44094488188977,7.030161471533357,
omni-30290449df92575813cf_p1,page-ddb9d794-5230-4b43-b1ec-273b9e7ebc11,book,table,94.39964157706093,100.0,83.33333333333334,99.86559139784946,,94.39964157706093,100.0,83.33333333333334,99.86559139784946,
omni-a1a8edcbb05a254dc298_p1,scihub_s12237-014-9873-7.pdf,academic_literature,table,32.13111615197462,,0.0,64.26223230394923,,32.13111615197462,,0.0,64.26223230394923,
omni-a4ad9b68f1bfc65efa0e_p1,yanbaopptmerge_PattPatelCh12.pdf,PPT2PDF,table,40.38461538461539,,0.0,80.76923076923077,,40.38461538461539,,0.0,80.76923076923077,
omni-d6d7434208ffa2def745_p1,jiaocaineedrop_jiaocai_needrop_en,exam_paper,table,81.05586856962499,77.0999115826702,66.66666666666667,99.4010274595381,,81.05586856962499,77.0999115826702,66.66666666666667,99.4010274595381,
omni-48f6bc6ff80dfde548e5_p1,jiaocaineedrop_ced6f3c05e1dfefa8455fa60aacdd2d76ffd79489b631c2dbde22a74e927544b.pdf,colorful_textbook,table,20.03423371988657,,0.0,40.06846743977314,,20.03423371988657,,0.0,40.06846743977314,
omni-657a189cdec7fbeb2e39_p1,newspaper_fe5ed29024932fad071afc53807b16ba,newspaper,table,85.0728336126122,91.90064794816415,94.44444444444444,68.87340844522801,,85.0728336126122,91.90064794816415,94.44444444444444,68.87340844522801,
omni-f5b70a6185b9d46e77d9_p1,yanbaopptmerge_e60b3b61281e87ddf42f9321a9e6ef9d.pdf,book,table,95.97810908493511,94.18432725480532,93.75,100.0,,95.97810908493511,94.18432725480532,93.75,100.0,
omni-d140b29da6c6b1283c26_p1,docstructbench_llm-raw-scihub-o.O-hup.908.pdf,academic_literature,table,95.07707944288826,98.35045129162776,90.0,96.88078703703704,,95.07707944288826,98.35045129162776,90.0,96.88078703703704,
omni-da8395d70ce26fce7e6f_p1,PPT_8076_MEYER_Chapter_2_-_Language_Change,PPT2PDF,table,84.77513227513228,100.0,66.66666666666667,87.65873015873015,,84.77513227513228,100.0,66.66666666666667,87.65873015873015,
omni-44b062c0f27a7668b37e_p1,jiaocaineedrop_chap5.pdf,exam_paper,table,86.58203208343878,94.31072210065645,83.33333333333334,82.10204081632652,,86.58203208343878,94.31072210065645,83.33333333333334,82.10204081632652,
omni-900d08518bba53780a26_p1,color_textbook_zhonggaokao_小学_13.人教新起点英语（4-5年级）_人教新起点五年级英语下册_课本_人教新起点英语5B电子课本,colorful_textbook,table,60.55970149253731,64.17910447761194,37.5,80.0,,60.55970149253731,64.17910447761194,37.5,80.0,
omni-6795558a34feba96c33a_p1,newspaper_Chicago Tribune_0801@magazinesclubnew,newspaper,table,71.98216754450662,88.44852585790237,86.79245283018868,40.705523945428816,,71.98216754450662,88.44852585790237,86.79245283018868,40.705523945428816,
omni-1a3e3203db4d748b1e11_p1,docstructbench_llm-raw-the-eye-o.O-TraneGuide.pdf,book,table,41.33622259117171,,0.0,82.67244518234342,,41.33622259117171,,0.0,82.67244518234342,
omni-3405f9d69221ce277e17_p1,docstructbench_llm-raw-scihub-o.O-ijc.22994.pdf,academic_literature,table,63.939642238235784,84.35039370078741,66.66666666666667,40.80186634725327,,63.939642238235784,84.35039370078741,66.66666666666667,40.80186634725327,
omni-f8d48f2174143e59dd8b_p1,page-f6ad0f1c-acb7-43c0-b08d-5606ca82fc1b,book,formula,47.80703843040145,52.13581599123768,43.47826086956522,,5.523255813953487,47.80703843040145,52.13581599123768,43.47826086956522,,5.523255813953487
omni-eac59331eb7d7b6df668_p1,page-7a7566fd-43d8-46e4-8a4f-0330e1f27a88,academic_literature,formula,55.13833992094861,71.14624505928853,39.13043478260869,,8.767471410419315,55.13833992094861,71.14624505928853,39.13043478260869,,8.767471410419315
omni-98eedee3d523baaadb1f_p1,jiaocaineedrop_chem-97961.pdf,colorful_textbook,formula,66.66666666666667,100.0,33.333333333333336,,65.0,66.66666666666667,100.0,33.333333333333336,,65.0
omni-8d9096eb3149916c88e1_p1,PPT_ch7,PPT2PDF,formula,98.6024844720497,97.20496894409938,100.0,,62.5,98.6024844720497,97.20496894409938,100.0,,62.5
omni-f314ff1590e51a3c0374_p1,exam_paper_en-file-putnam-archive_2015_Problems_2015,exam_paper,formula,89.7528360003005,94.32048681541583,85.18518518518519,,16.43192488262911,89.7528360003005,94.32048681541583,85.18518518518519,,16.43192488262911
omni-4167584419096b96ee2d_p1,"book_en_国外数学教材-An Excursion through Elementary Mathematics（初等数学漫游）-An excursion through elementary mathematics, Vol.3 (Caminha Muniz Neto A)",book,formula,90.77909270216963,98.22485207100591,83.33333333333334,,0.0,90.77909270216963,98.22485207100591,83.33333333333334,,0.0
omni-678f8cbcc2ff70eaede1_p1,scihub_j.conbuildmat.2019.117698.pdf,academic_literature,formula,94.54991087344028,97.43315508021391,91.66666666666666,,0.0,94.54991087344028,97.43315508021391,91.66666666666666,,0.0
omni-86524b0250d613d33eac_p1,docstructbench_enbook-zlib-o.O-19091739.pdf,colorful_textbook,formula,83.26968356974675,98.3575489576753,68.18181818181819,,20.68273092369478,83.26968356974675,98.3575489576753,68.18181818181819,,20.68273092369478
omni-d8a4bce84921f7f305c0_p1,PPT_fundamental_theorem_of_calculus__,PPT2PDF,formula,61.26126126126127,89.1891891891892,33.333333333333336,,12.5,61.26126126126127,89.1891891891892,33.333333333333336,,12.5
omni-a894bd59eff34cc8f648_p1,exam_paper_en-file-putnam-archive_1996_Solutions_1996s,exam_paper,formula,79.83223419250906,94.03946838501813,65.625,,18.092909535452318,79.83223419250906,94.03946838501813,65.625,,18.092909535452318
omni-ca85effb0224b62a2f6d_p1,book_en_国外数学教材-数论-Melvyn B. Nathanson—Elementary Methods in Number Theory,book,formula,67.38519666731254,77.07808564231739,57.692307692307686,,7.017543859649122,67.38519666731254,77.07808564231739,57.692307692307686,,7.017543859649122
omni-8e6cd0034d5f5740b043_p1,docstructbench_llm-raw-scihub-o.O-j.jcp.2010.12.006.pdf,academic_literature,formula,59.42028985507246,93.84057971014492,25.0,,26.57894736842106,59.42028985507246,93.84057971014492,25.0,,26.57894736842106
omni-fa29327a6745a2bb3f3c_p1,jiaocaineedrop_chem-203343.pdf,colorful_textbook,formula,80.20775623268699,90.41551246537396,70.0,,22.316384180790962,80.20775623268699,90.41551246537396,70.0,,22.316384180790962
omni-fb7fed7807b93ae8f755_p1,PPT_StewartCalcET7e_03_02,PPT2PDF,formula,74.11003236245955,81.55339805825243,66.66666666666667,,13.953488372093027,74.11003236245955,81.55339805825243,66.66666666666667,,13.953488372093027
omni-6cbe59869eec738c191d_p1,exam_paper_en-file-putnam-archive_2015_Solutions_2015s,exam_paper,formula,66.52341191879502,95.54682383759004,37.5,,7.392316647264263,66.52341191879502,95.54682383759004,37.5,,7.392316647264263
omni-4362ef37f305c513aea6_p1,book_en_5.Advanced.Modern.Algebra.-.J.Rotman.2003,book,formula,85.05409219190969,95.10818438381938,75.0,,27.989130434782606,85.05409219190969,95.10818438381938,75.0,,27.989130434782606
omni-3f3d2f902d8de5b65f47_p1,page-c7fec126-2adb-4094-8110-5d81a92e05b0,academic_literature,formula,54.48183442525313,82.87671232876713,26.086956521739136,,2.077151335311578,54.48183442525313,82.87671232876713,26.086956521739136,,2.077151335311578
omni-7b0e9ee8043ee26f5473_p1,PPT_CalculusReview,PPT2PDF,formula,75.0,100.0,50.0,,7.36842105263158,75.0,100.0,50.0,,7.36842105263158
omni-247a19c29d219935b3fb_p1,exam_paper_en-file-putnam-archive_2009_Solutions_2009s,exam_paper,formula,85.18125177003681,93.08977626734635,77.27272727272727,,42.592592592592595,85.18125177003681,93.08977626734635,77.27272727272727,,42.592592592592595
omni-f1e636876a78e683b690_p1,page-3ec8e45c-1c38-41d2-bb9d-c50745232f2a,book,formula,73.39493828011861,76.20164126611958,70.58823529411764,,9.202453987730063,73.39493828011861,76.20164126611958,70.58823529411764,,9.202453987730063
omni-b56fe8bac48e2327d4dc_p1,page-cc37a835-903b-4079-88fc-ae04625c9b5d,academic_literature,formula,68.3603981141959,97.59036144578313,39.13043478260869,,5.621956617972557,68.3603981141959,97.59036144578313,39.13043478260869,,5.621956617972557
omni-5e84254bcfb55fb96e5d_p1,PPT_lecture1,PPT2PDF,formula,0.0,,0.0,,0.0,0.0,,0.0,,0.0
omni-cb14a3556f06be593bc1_p1,exam_paper_en-file-putnam-archive_2003_Solutions_2003s,exam_paper,formula,52.71695517597157,74.66467958271237,30.76923076923077,,9.176470588235297,60.40926286827926,74.66467958271237,46.15384615384615,,9.176470588235297
omni-af49180a0126f6649806_p1,book_en_国外数学教材-非数学专业教材-线性代数-Gilbert Strang—Linear Algebra and Its Applications 4e,book,formula,81.25,87.5,75.0,,22.857142857142854,81.25,87.5,75.0,,22.857142857142854
omni-15e070af32eb462fd1e5_p1,page-47977c29-59ca-4534-9a00-becad3bfdaa4,academic_literature,formula,66.66666666666667,100.0,33.333333333333336,,2.3371456986573835,66.66666666666667,100.0,33.333333333333336,,2.3371456986573835
omni-35c37e2e1bf56693aeac_p1,PPT_ch7,PPT2PDF,formula,98.85714285714286,97.71428571428571,100.0,,13.953488372093027,98.85714285714286,97.71428571428571,100.0,,13.953488372093027
omni-c168d0475438810bf5f4_p1,exam_paper_en-file-putnam-archive_2015_Solutions_2015s,exam_paper,formula,75.12800388683334,79.88563740329633,70.37037037037037,,15.566037735849058,78.83170759053706,79.88563740329633,77.77777777777779,,15.566037735849058
omni-93a6872ee5f9c0de7b62_p1,"book_en_国外数学教材-An Excursion through Elementary Mathematics（初等数学漫游）-An excursion through elementary mathematics, Vol.3 (Caminha Muniz Neto A)",book,formula,89.34802756175202,94.08067050811944,84.61538461538461,,0.0,89.34802756175202,94.08067050811944,84.61538461538461,,0.0
omni-cd022edcdfffc83e0514_p1,docstructbench_llm-raw-scihub-o.O-j.physletb.2004.11.060.pdf,academic_literature,formula,80.6187624750499,94.57085828343314,66.66666666666667,,12.655971479500893,84.78542914171658,94.57085828343314,75.0,,12.655971479500893
omni-10f3350a29faa06c0940_p1,PPT_lay_linalg5_01_05,PPT2PDF,formula,91.84549356223175,83.69098712446352,100.0,,45.45454545454546,91.84549356223175,83.69098712446352,100.0,,45.45454545454546
omni-440c0ac222d22926fd6e_p1,exam_paper_en-file-putnam-archive_2010_Solutions_2010s,exam_paper,formula,68.03380984796914,69.4009530292716,66.66666666666667,,21.034482758620687,68.03380984796914,69.4009530292716,66.66666666666667,,21.034482758620687
omni-e693ea4c036f81dd8075_p1,book_en_国外数学教材-非数学专业教材-线性代数-Gilbert Strang—Linear Algebra and Its Applications 4e,book,formula,91.92912069541958,97.19157472417251,86.66666666666667,,27.160493827160494,91.92912069541958,97.19157472417251,86.66666666666667,,27.160493827160494
omni-9189b6908e141de21070_p1,page-ad5a110f-a4b4-430b-b5db-ecd0ee394451,academic_literature,formula,57.90996784565916,95.81993569131832,19.999999999999996,,0.43591979075849885,57.90996784565916,95.81993569131832,19.999999999999996,,0.43591979075849885
omni-f9fd2a8fe6da96082aa0_p1,PPT_lay_linalg5_01_05,PPT2PDF,formula,85.24590163934425,70.49180327868852,100.0,,21.42857142857143,85.24590163934425,70.49180327868852,100.0,,21.42857142857143
omni-247d9d1c4687bc9d8b07_p1,exam_paper_en-file-putnam-archive_2011_Solutions_2011s,exam_paper,formula,78.9283340717767,92.99180327868852,64.86486486486487,,28.793103448275858,78.9283340717767,92.99180327868852,64.86486486486487,,28.793103448275858
omni-bff248a205caa54a1a91_p1,page-0a262e27-b24d-4429-9b21-90563d4fada7,book,formula,79.7402759567959,96.3226571767497,63.1578947368421,,25.407166123778502,79.7402759567959,96.3226571767497,63.1578947368421,,25.407166123778502
omni-95c0b06a26f0440a710f_p1,page-39f38730-0ae6-4cfe-8b99-c65d06d09544,academic_literature,formula,70.63071586250393,93.64238410596026,47.61904761904761,,3.2121212121212106,70.63071586250393,93.64238410596026,47.61904761904761,,3.2121212121212106
omni-a0ffd5c553c90d40eb7c_p1,PPT_lay_linalg5_01_05,PPT2PDF,formula,95.72649572649573,91.45299145299145,100.0,,29.11392405063291,95.72649572649573,91.45299145299145,100.0,,29.11392405063291
omni-ecdb18098bf1cfbc7c2e_p1,exam_paper_en-file-putnam-archive_2012_Solutions_2012s,exam_paper,formula,89.63454052790118,92.31255931667194,86.95652173913044,,25.663716814159287,89.63454052790118,92.31255931667194,86.95652173913044,,25.663716814159287
omni-c4d6f5f8c7baf2f54593_p1,book_en_A.Course.in.Abstract.Harmonic.Analysis.-.Gerald.B.Folland.0849384907,book,formula,88.83928571428572,90.17857142857143,87.5,,18.688524590163937,88.83928571428572,90.17857142857143,87.5,,18.688524590163937
omni-5320288724e86f291a74_p1,yanbaopptmerge_yanbaoPPT,PPT2PDF,other,100.0,100.0,100.0,,,100.0,100.0,100.0,,
omni-ce11a17c4f9447d9c84a_p1,notes_f7f010b78016aeebd76e56d9283eb67f,note,other,,,,,,,,,,
omni-bbe89da09acf2159bcaa_p1,newspaper_USAToday-2025-01-08@magazinesclubnew,newspaper,other,97.69365505757418,99.023673751512,96.36363636363636,,,97.69365505757418,99.023673751512,96.36363636363636,,
omni-a7d33e0eded2c2c2ced4_p1,docstructbench_enbook-zlib-o.O-17208435.pdf,book,other,98.61111111111111,97.22222222222221,100.0,,,98.61111111111111,97.22222222222221,100.0,,
omni-5e73c1b0a7629353e65a_p1,docstructbench_llm-raw-scihub-o.O-j.ab.2007.10.021.pdf,academic_literature,other,100.0,100.0,100.0,,,100.0,100.0,100.0,,
omni-5c28a9b0da0ea8d34653_p1,jiaocaineedrop_jiaocai_needrop_en,colorful_textbook,other,94.67849223946786,89.3569844789357,100.0,,,94.67849223946786,89.3569844789357,100.0,,
omni-df1790f30284d3944704_p1,docstructbench_llm-raw-the-eye-o.O-1%20Excel.pdf,magazine,other,97.1169686985173,94.2339373970346,100.0,,,97.1169686985173,94.2339373970346,100.0,,
omni-a5a3683d7239e5a9e91d_p1,exam_paper_2004-2019上海高考英语听力原文和答案,exam_paper,other,80.74309016764839,61.48618033529678,100.0,,,80.74309016764839,61.48618033529678,100.0,,
omni-c94bd066d7edbec399bd_p1,yanbaopptmerge_yanbaoPPT,PPT2PDF,other,51.388888888888886,52.77777777777778,50.0,,,51.388888888888886,52.77777777777778,50.0,,
omni-ad1c33622ebcbb2f6aba_p1,newspaper_d4ed0f39df940849b16439f49873ff5c,newspaper,other,98.63481228668942,97.26962457337885,100.0,,,98.63481228668942,97.26962457337885,100.0,,
omni-66ab79f39ef42efb0ccd_p1,yanbaor2_0a49fd5fc362650bf30a0a9391a2d2f091e751ba3d51da18e630e23856905c63.pdf,book,other,100.0,100.0,100.0,,,100.0,100.0,100.0,,
omni-19d9b177e4a83d5801f2_p1,docstructbench_llm-raw-scihub-o.O-chin.201025015.pdf,academic_literature,other,95.73748308525035,91.47496617050068,100.0,,,95.73748308525035,91.47496617050068,100.0,,
omni-25dc92773e035cf934d6_p1,color_textbook_zhonggaokao_小学_13.人教新起点英语（4-5年级）_人教新起点五年级英语下册_课本_人教新起点英语5B电子课本,colorful_textbook,other,95.51845342706503,91.03690685413005,100.0,,,95.51845342706503,91.03690685413005,100.0,,
omni-39bea84e78bae6f608f8_p1,magazine_TheEconomist.2023.11.25,magazine,other,89.5919184981685,94.56845238095238,84.61538461538461,,,89.5919184981685,94.56845238095238,84.61538461538461,,
omni-88c9232e15663f5b96ce_p1,page-d271a2ab-4523-44c4-94b5-303bf54b69e9,exam_paper,other,57.863660762211495,67.90123456790124,47.82608695652174,,,57.863660762211495,67.90123456790124,47.82608695652174,,
omni-a166f8e4181ddc492cdf_p1,PPT_session 10,PPT2PDF,other,50.0,50.0,50.0,,,50.0,50.0,50.0,,
omni-f584c5efa02d237f5397_p1,newspaper_bf784eedb0c377adb9a0f286954af785,newspaper,other,98.4784889821616,96.95697796432319,100.0,,,98.4784889821616,96.95697796432319,100.0,,
omni-486bef8a5a242a2b3d8b_p1,book_en_搬书匠-3473-Reactive Programming with RxJS-2015-英文版,book,other,99.50440528634361,99.00881057268722,100.0,,,99.50440528634361,99.00881057268722,100.0,,
omni-fe28fd66efbbb99c08bb_p1,scihub_prrv.2001.0150.pdf,academic_literature,other,90.65683865683866,99.4954954954955,81.81818181818181,,,90.65683865683866,99.4954954954955,81.81818181818181,,
omni-8f108f4e14796d06f488_p1,jiaocaineedrop_jiaocai_needrop_en,colorful_textbook,other,99.96144949884348,99.92289899768697,100.0,,,99.96144949884348,99.92289899768697,100.0,,
omni-a2173a853ebd8d21ed70_p1,magazine_TheEconomist.2023.12.09,magazine,other,99.4349741428845,98.869948285769,100.0,,,99.4349741428845,98.869948285769,100.0,,
omni-b82392d306c0c55a6fe2_p1,exam_paper_2004-2019上海高考英语听力原文和答案,exam_paper,other,89.19773550262661,92.68118529096752,85.71428571428572,,,89.19773550262661,92.68118529096752,85.71428571428572,,
omni-94417194ebefd1c9892d_p1,PPT_fundamental_theorem_of_calculus__,PPT2PDF,other,83.33333333333334,66.66666666666667,100.0,,,83.83838383838383,67.67676767676767,100.0,,
omni-16e093a29a49d76d6e02_p1,newspaper_TheWashingtonPost-2025-01-08@magazinesclubnew,newspaper,other,86.73183422107383,92.97586356409886,80.48780487804879,,,86.73183422107383,92.97586356409886,80.48780487804879,,
omni-d2fcd055b2fd1643221f_p1,yanbaor2_yanbaoPPT,book,other,75.0,100.0,50.0,,,75.0,100.0,50.0,,
omni-8653037f5d0d8b581971_p1,docstructbench_llm-raw-scihub-o.O-j.physletb.2004.02.015.pdf,academic_literature,other,91.27600124185037,82.55200248370072,100.0,,,91.27600124185037,82.55200248370072,100.0,,
omni-f9c2c24dac096e1186e5_p1,jiaocaineedrop_eng-45646.pdf,colorful_textbook,other,99.96934396076027,99.93868792152054,100.0,,,99.96934396076027,99.93868792152054,100.0,,
omni-cf56196060a6e0b81c2a_p1,docstructbench_llm-raw-the-eye-o.O-Dragon%20Magazine%20-%20030.pdf,magazine,other,87.71441202475685,92.09549071618038,83.33333333333334,,,87.71441202475685,92.09549071618038,83.33333333333334,,
omni-af00d033625f966c7bfa_p1,exam_paper_2016年安徽省中考英语试题（解析）,exam_paper,other,86.18895966029724,89.04458598726114,83.33333333333334,,,86.18895966029724,89.04458598726114,83.33333333333334,,
omni-3ead6770ac1cd864e632_p1,PPT_B14_Claeys_Consistent Presentation of Images_v2,PPT2PDF,other,100.0,100.0,100.0,,,100.0,100.0,100.0,,
omni-e39db77c18d5a5adfe14_p1,newspaper_baa51a22898f0d534a6c404ba8f12fb1,newspaper,other,90.19960740201591,96.08548931383577,84.31372549019608,,,90.19960740201591,96.08548931383577,84.31372549019608,,
omni-8e10143cf39f502067f4_p1,docstructbench_enbook-zlib-o.O-17208435.pdf,book,other,84.90816133308086,69.81632266616171,100.0,,,84.90816133308086,69.81632266616171,100.0,,
omni-54c55cb6ba2f7faed08a_p1,docstructbench_llm-raw-scihub-o.O-chem.200700133.pdf,academic_literature,other,99.79260283442792,99.58520566885586,100.0,,,99.79260283442792,99.58520566885586,100.0,,
omni-2708b1f40dc562a99bb9_p1,jiaocaineedrop_geo-12644.pdf,colorful_textbook,other,92.15023847376789,84.30047694753577,100.0,,,92.15023847376789,84.30047694753577,100.0,,
omni-9415d7c7fb78d9f8c5ea_p1,magazine_TheEconomist.2024.03.09,magazine,other,98.80846325167039,97.61692650334076,100.0,,,98.80846325167039,97.61692650334076,100.0,,
omni-a98196c6e111ea6ae037_p1,exam_paper_2004-2019上海高考英语听力原文和答案,exam_paper,other,73.22321849929212,84.9079754601227,61.53846153846154,,,73.22321849929212,84.9079754601227,61.53846153846154,,
omni-c5831dc43bf98db0491c_p1,PPT_Keuk Chan Narith,PPT2PDF,other,100.0,100.0,100.0,,,100.0,100.0,100.0,,
omni-ca5d11bdc2a51047f88d_p1,newspaper_TheWashingtonPost-2025-01-08@magazinesclubnew,newspaper,other,40.383906589946186,67.75968309859155,13.008130081300816,,,40.383906589946186,67.75968309859155,13.008130081300816,,
omni-9e17916c1016dde90de4_p1,yanbaor2_0071908e787f90267682e19ef093bb18dda6e1c1614534c445ddd62c425b3a94.pdf,book,other,99.61525593844095,99.2305118768819,100.0,,,99.61525593844095,99.2305118768819,100.0,,
omni-51ee8e8390b92a5515f4_p1,scihub_gbe%2Fevaa098.pdf,academic_literature,other,91.90360610263522,83.80721220527046,100.0,,,93.36203803372803,86.72407606745605,100.0,,
